{
    "methods_of_building_qubits": {
        "precision": 0.7721518987341772,
        "recall": 0.7625,
        "f1": 0.7672955974842767,
        "accuracy": 0.815,
        "auc": 0.9113020833333333
    },
    "addressing_obstacles": {
        "precision": 0.3157894736842105,
        "recall": 0.26666666666666666,
        "f1": 0.2891566265060241,
        "accuracy": 0.705,
        "auc": 0.6220788530465949
    },
    "quantum_computing_model": {
        "precision": 0.47540983606557374,
        "recall": 0.6170212765957447,
        "f1": 0.537037037037037,
        "accuracy": 0.75,
        "auc": 0.754276178556529
    },
    "quantum_algorithms": {
        "precision": 0.7246376811594203,
        "recall": 0.6410256410256411,
        "f1": 0.6802721088435374,
        "accuracy": 0.765,
        "auc": 0.8276586801176966
    },
    "quantum_programming": {
        "precision": 0.4,
        "recall": 0.16666666666666666,
        "f1": 0.23529411764705882,
        "accuracy": 0.935,
        "auc": 0.8435283687943262
    },
    "macro_avg": {
        "precision": 0.5375977779286764,
        "recall": 0.4907760501909437,
        "f1": 0.5018110975035868,
        "accuracy": 0.465,
        "auc": 0.791768832769696
    },
    "micro_avg": {
        "precision": 0.6111111111111112,
        "recall": 0.5877862595419847,
        "f1": 0.5992217898832685,
        "accuracy": 0.465,
        "auc": 0.8325523904094002
    }
}