{
  "micro_accuracy": 0.917166718218373,
  "strict_accuracy": 0.7089390658830808,
  "per_label_report": {
    "methods_of_building_qubits": {
      "0": {
        "precision": 0.916036308623298,
        "recall": 0.8693467336683417,
        "f1-score": 0.8920810313075507,
        "support": 1393.0
      },
      "1": {
        "precision": 0.9047619047619048,
        "recall": 0.9396739130434782,
        "f1-score": 0.9218874966675553,
        "support": 1840.0
      },
      "accuracy": 0.9093721002165172,
      "macro avg": {
        "precision": 0.9103991066926014,
        "recall": 0.90451032335591,
        "f1-score": 0.9069842639875529,
        "support": 3233.0
      },
      "weighted avg": {
        "precision": 0.9096196977031114,
        "recall": 0.9093721002165172,
        "f1-score": 0.9090448099225859,
        "support": 3233.0
      }
    },
    "addressing_obstacles": {
      "0": {
        "precision": 0.9390569395017794,
        "recall": 0.959981809913597,
        "f1-score": 0.9494040926467281,
        "support": 2199.0
      },
      "1": {
        "precision": 0.9106598984771573,
        "recall": 0.867504835589942,
        "f1-score": 0.888558692421991,
        "support": 1034.0
      },
      "accuracy": 0.9304051964120013,
      "macro avg": {
        "precision": 0.9248584189894684,
        "recall": 0.9137433227517695,
        "f1-score": 0.9189813925343595,
        "support": 3233.0
      },
      "weighted avg": {
        "precision": 0.9299748051313931,
        "recall": 0.9304051964120013,
        "f1-score": 0.9299441038337438,
        "support": 3233.0
      }
    },
    "quantum_computing_model": {
      "0": {
        "precision": 0.9392314566577301,
        "recall": 0.899443731279418,
        "f1-score": 0.9189071038251365,
        "support": 2337.0
      },
      "1": {
        "precision": 0.7638190954773869,
        "recall": 0.8482142857142857,
        "f1-score": 0.8038075092543627,
        "support": 896.0
      },
      "accuracy": 0.8852459016393442,
      "macro avg": {
        "precision": 0.8515252760675585,
        "recall": 0.8738290084968519,
        "f1-score": 0.8613573065397496,
        "support": 3233.0
      },
      "weighted avg": {
        "precision": 0.8906173287215757,
        "recall": 0.8852459016393442,
        "f1-score": 0.8870081750483306,
        "support": 3233.0
      }
    },
    "quantum_algorithms": {
      "0": {
        "precision": 0.906816533720087,
        "recall": 0.9842581660763479,
        "f1-score": 0.9439516889979243,
        "support": 2541.0
      },
      "1": {
        "precision": 0.9157894736842105,
        "recall": 0.6286127167630058,
        "f1-score": 0.7455012853470437,
        "support": 692.0
      },
      "accuracy": 0.9081348592638416,
      "macro avg": {
        "precision": 0.9113030037021488,
        "recall": 0.8064354414196768,
        "f1-score": 0.844726487172484,
        "support": 3233.0
      },
      "weighted avg": {
        "precision": 0.9087371258806727,
        "recall": 0.9081348592638416,
        "f1-score": 0.9014748317982925,
        "support": 3233.0
      }
    },
    "quantum_programming": {
      "0": {
        "precision": 0.9703522846180677,
        "recall": 0.976140350877193,
        "f1-score": 0.9732377120867589,
        "support": 2850.0
      },
      "1": {
        "precision": 0.8142076502732241,
        "recall": 0.7780678851174935,
        "f1-score": 0.7957276368491323,
        "support": 383.0
      },
      "accuracy": 0.9526755335601609,
      "macro avg": {
        "precision": 0.8922799674456459,
        "recall": 0.8771041179973432,
        "f1-score": 0.8844826744679456,
        "support": 3233.0
      },
      "weighted avg": {
        "precision": 0.9518544822815149,
        "recall": 0.9526755335601609,
        "f1-score": 0.9522088352491433,
        "support": 3233.0
      }
    }
  }
}